{
  "SGDRegressor": {
    "r2_incremental": 0.9212835319296981,
    "cv_r2_mean": 0.9304591133210444,
    "cv_r2_std": 0.03595238673045287,
    "cv_mae_mean": 1626.927453673858,
    "cv_rmse_mean": 2737.8215044053977,
    "train_r2_mean": 0.9547015572704117
  },
  "PassiveAggressive": {
    "r2_incremental": -0.051325179158856926,
    "cv_r2_mean": 0.9247306055686263,
    "cv_r2_std": 0.03356635208156074,
    "cv_mae_mean": 1235.95311131485,
    "cv_rmse_mean": 2857.3444156543474,
    "train_r2_mean": 0.9451112962477447
  },
  "MLPRegressor": {
    "r2_incremental": -0.24635589122772217,
    "cv_r2_mean": 0.10931557416915894,
    "cv_r2_std": 0.2546195092045077,
    "cv_mae_mean": 4542.3376953125,
    "cv_rmse_mean": 10001.33583984375,
    "train_r2_mean": 0.0904538631439209
  },
  "RandomForest": {
    "r2_incremental": 0.999160624779679,
    "cv_r2_mean": 0.9795326966881077,
    "cv_r2_std": 0.00859661083220359,
    "cv_mae_mean": 634.2305699120269,
    "cv_rmse_mean": 1514.4505095798327,
    "train_r2_mean": 0.9993408657122742
  },
  "ExtraTrees": {
    "r2_incremental": 0.9999067794093977,
    "cv_r2_mean": 0.9799960369952018,
    "cv_r2_std": 0.006527415819025268,
    "cv_mae_mean": 616.8718400682982,
    "cv_rmse_mean": 1518.9154567460162,
    "train_r2_mean": 0.9997850514526728
  }
}